,reference_id,villa_name,date
0,HMHZ8BKQZB,chandra,2022-03-04 03:17
1,HMATWMCRTP,chandra,2022-03-11 09:07
2,,surya,2022-03-14 15:44
3,HMB2Q9QHXK,jala,2022-03-11 11:28
4,,surya,2022-03-17 15:23
5,HMTQXXNRNH,surya,2022-03-17 15:33
6,,surya,2022-03-17 15:24
7,HM9XTEQCFW,chandra,2022-04-07 07:37
8,,surya,2022-03-26 05:31
9,,chandra,2022-04-08 15:46
10,HM88SAKRMR,chandra,2022-04-03 15:43
11,,jala,2022-03-28 03:27
12,2418817562,chandra,2022-03-26 04:50
13,3551951695,surya,2022-03-26 04:50
14,,surya,2022-04-08 15:55
15,,surya,2022-04-10 05:46
16,,chandra,2022-04-10 05:49
17,3903383056,jala,2022-04-19 09:29
18,,surya,2022-03-29 08:29
19,,surya,2022-04-23 01:47
20,,surya,2022-04-10 05:51
21,,surya,2022-04-08 12:40
22,,chandra,2022-04-20 06:12
23,HM2Q3CZQR4,chandra,2022-04-11 13:37
24,,jala,2022-04-20 13:19
25,3059410468,surya,2022-04-19 17:28
26,BR29273329,surya,2022-04-22 18:35
27,3681377982,chandra,2022-03-21 04:46
28,,chandra,2022-04-23 05:47
29,HMP5E8Y2ED,chandra,2022-04-18 22:15
30,,chandra,2022-04-23 15:26
31,3503548578,jala,2022-04-19 16:14
32,3592625052,surya,2022-04-13 07:47
33,2228789239,chandra,2022-04-10 20:02
34,3710937157,surya,2022-04-29 08:50
35,,chandra,2022-03-31 05:11
36,3348091201,jala,2022-04-29 03:59
37,HMJCPCK4ME,surya,2022-03-17 14:50
38,2420710430,chandra,2022-03-21 14:06
39,,jala,2022-04-23 15:54
40,3074435725,jala,2022-05-04 15:04
41,HM9CKCTTR2,jala,2022-05-06 08:45
42,,jala,2022-04-24 13:43
43,HM45C3S9SM,jala,2022-03-17 16:05
44,HMYWASJQA5,surya,2022-05-01 04:41
45,HMM55NN9AA,chandra,2022-04-08 17:03
46,HMNBZAAZKF,surya,2022-05-01 05:43
47,HMANFTBRBN,chandra,2022-05-04 12:56
48,3631527249,chandra,2022-03-20 20:46
49,2100443295,surya,2022-05-14 05:33
50,HMQB3M9Y23,chandra,2022-05-13 07:30
51,HMACSEBEM9,surya,2022-04-29 23:19
52,HMASCQ8BR4,chandra,2022-04-28 14:54
53,3811362276,surya,2022-05-03 05:47
54,HMSE3MC45Q,chandra,2022-05-08 18:35
55,2516878591,surya,2022-05-18 09:35
56,HMY3SSHZQW,surya,2022-04-10 17:51
57,HMSBDS3FKZ,surya,2022-05-13 18:06
58,HM9EE3DQ42,chandra,2022-04-17 05:27
59,3491598683,surya,2022-04-20 21:26
60,HMM3NEA92R,chandra,2022-03-17 16:17
61,HMQFKMXYBQ,jala,2022-05-22 13:51
62,HMDXW4ABZA,surya,2022-05-08 15:30
63,,jala,2022-05-28 12:05
64,,surya,2022-05-24 06:02
65,HMWDDRKHNT,surya,2022-04-30 04:28
66,HMA58HZHPE,jala,2022-05-20 01:31
67,2900661688,jala,2022-05-30 06:28
68,HMF9R8PBEB,chandra,2022-04-11 19:12
69,3321440896,jala,2022-05-27 15:28
70,HM2XFW5B8F,surya,2022-05-24 00:43
71,HMDSY2N8DY,surya,2022-04-24 22:31
72,2915487949,jala,2022-05-01 18:01
73,HMATCFQPZZ,chandra,2022-05-31 19:22
74,HMNCYFBXRH,chandra,2022-06-01 13:10
75,HM4KYSRRAS,chandra,2022-04-18 17:37
76,3834883830,jala,2022-05-24 08:37
77,HMZC94TN9W,surya,2022-05-18 15:37
78,,surya,2022-04-11 03:54
79,3551980993,chandra,2022-03-26 08:53
80,,surya,2022-04-10 05:14
81,,chandra,2022-04-09 16:31
82,HMRJ525QRN,chandra,2022-04-14 19:46
83,HMT2K4YBTC,jala,2022-04-22 04:01
84,3558195137,jala,2022-05-18 22:19
85,HMTHQ25BXW,chandra,2022-05-05 13:50
86,HMPSWDKEKD,surya,2022-04-22 04:02
87,HM3CBW8YKM,surya,2022-06-01 11:42
88,HMKTYNSY5Q,chandra,2022-06-01 15:54
89,HMXTBEZA9J,surya,2022-05-11 23:46
90,2621430623,chandra,2022-05-04 03:47
91,HMXFPN2F28,surya,2022-06-18 06:18
92,HMC9HNTPMS,surya,2022-05-16 16:10
93,,surya,2022-06-11 13:14
94,HMB8EAJRY3,jala,2022-06-02 12:58
95,HM3BTJKWDC,surya,2022-05-15 23:19
96,HMSEP9QWRZ,chandra,2022-04-13 18:26
97,HM4WB8ACAW,surya,2022-04-24 05:38
98,3467278636,jala,2022-04-30 17:15
99,,chandra,2022-06-10 23:37
100,HMDNEKK8M3,chandra,2022-06-21 12:12
101,,jala,2022-06-10 23:36
102,,surya,2022-05-28 00:34
103,HMWWT94HJB,chandra,2022-03-22 00:49
104,,jala,2022-06-21 12:24
105,HMM3222TSD,chandra,2022-06-20 18:36
106,HM5HHD8K3B,surya,2022-06-08 08:28
107,HMBFEZ3R22,chandra,2022-06-22 16:41
108,2951673129,jala,2022-05-13 19:08
109,2866437494,surya,2022-04-21 05:49
110,HMMXWZFPY8,chandra,2022-06-14 14:16
111,HMKQWTRCM9,chandra,2022-04-05 13:36
112,2129454671,jala,2022-06-24 16:48
113,2799214049,jala,2022-04-04 20:43
114,HMENE5QHKJ,chandra,2022-06-15 15:27
115,HMQA2DKXYS,chandra,2022-05-23 23:49
116,3921762732,jala,2022-06-25 13:14
117,HMYCDCPR38,chandra,2022-04-11 19:07
118,HMP9SH952N,jala,2022-06-20 15:09
119,HMZN2TPNMB,surya,2022-04-27 03:26
120,HMJ3MKS3QB,jala,2022-07-09 05:08
121,HMHTJN8R2J,chandra,2022-05-04 21:02
122,722671853,jala,2022-06-25 03:17
123,HM8KZBJQHT,surya,2022-05-15 12:29
124,3335530817,jala,2022-06-21 16:01
125,HMMR5PRFWR,chandra,2022-04-28 20:31
126,2839644281,jala,2022-07-13 04:12
127,2415828364,jala,2022-06-08 16:48
128,3494451531,jala,2022-05-14 21:23
129,HMPM2MHBJM,chandra,2022-03-25 16:58
130,HMBRHM4HXE,surya,2022-04-24 05:53
131,,surya,2022-07-06 10:01
132,,chandra,2022-07-06 10:00
133,,jala,2022-07-06 10:01
134,,surya,2022-04-04 14:33
135,,chandra,2022-03-26 08:58
136,,surya,2022-04-03 11:36
137,HMRY8XTBKN,jala,2022-05-12 19:01
138,HMBJE3DHWC,chandra,2022-07-25 06:25
139,,jala,2022-04-03 11:37
140,HMCMCZSQJ8,surya,2022-05-13 10:23
141,,jala,2022-04-04 14:42
142,2925275866,surya,2022-04-02 20:47
143,,chandra,2022-07-24 05:37
144,HMBMPSSF5F,chandra,2022-07-24 09:01
145,HMQ9J2T5WS,chandra,2022-06-06 17:07
146,HM5TN4ZBEP,jala,2022-06-24 14:55
147,HMCWPWTNPS,surya,2022-03-17 14:30
148,HMEKXBP8C5,chandra,2022-04-01 12:50
149,3734044322,jala,2022-05-01 11:24
150,HMEAJQ8JNJ,chandra,2022-08-01 08:41
151,HMFSHHMQRJ,chandra,2022-05-26 15:32
152,,surya,2022-03-29 08:27
153,HMPYQNBNWW,chandra,2022-04-05 02:56
154,HMPKQBBDBC,chandra,2022-03-27 17:17
155,HMRFRPEJXR,jala,2022-06-10 08:45
156,3600136396,jala,2022-04-13 11:12
157,HM35QCPC8R,surya,2022-05-01 11:27
158,2506110820,chandra,2022-05-20 21:36
159,2837254835,chandra,2022-06-22 02:18
160,,jala,2022-04-16 04:46
161,HMNH4RTH49,chandra,2022-06-10 08:50
162,HMA9BJKJRZ,surya,2022-07-16 10:58
163,HM3CCCH5FB,chandra,2022-07-05 17:56
164,HMKEQ2X88A,chandra,2022-05-01 17:49
165,3417958089,jala,2022-06-05 20:54
166,2621443731,jala,2022-05-05 17:24
167,HM32X8FWXB,surya,2022-05-09 06:59
168,HMSJAQ5S53,chandra,2022-05-11 12:40
169,HM3TCKFX8W,jala,2022-06-10 20:56
170,3885154128,chandra,2022-05-15 23:25
171,3298504209,jala,2022-05-15 18:39
172,2472798045,chandra,2022-03-27 15:44
173,3740302677,chandra,2022-04-25 08:05
174,HMF3Q4HKCK,surya,2022-07-30 22:18
175,HMKYSEEZAC,surya,2022-04-29 23:38
176,3822508109,surya,2022-08-01 11:07
177,HMJ8S9MHNZ,surya,2022-05-29 17:39
178,2511401827,surya,2022-07-20 15:44
179,3843504573,surya,2022-07-23 00:39
180,2709612032,surya,2022-05-28 10:47
181,,surya,2022-04-04 09:05
182,HM4388ZRR9,jala,2022-08-22 11:42
183,,jala,2022-07-24 15:43
184,,surya,2022-07-24 15:40
185,,jala,2022-08-03 17:46
186,3551312360,surya,2022-04-24 19:16
187,HMC4HSC88N,jala,2022-05-17 21:53
188,HM4NEHKE4C,chandra,2022-05-21 19:19
189,HMREKB8S3F,chandra,2022-07-23 01:15
190,2916282845,jala,2022-07-18 16:02
191,HMH8RZFRZE,chandra,2022-03-30 05:48
192,2369589211,chandra,2022-06-12 14:16
193,2622604273,jala,2022-06-06 19:07
194,2497679637,jala,2022-04-25 18:57
195,2890116333,chandra,2022-08-03 15:03
196,HMJEYKPP54,chandra,2022-06-08 22:30
197,HM382QYR5B,surya,2022-07-05 05:23
198,HMJSQHXNWH,surya,2022-05-23 22:24
199,,surya,2022-03-26 04:50
200,,surya,2022-03-28 03:36
201,HMYQX9PD3A,chandra,2022-09-02 09:21
202,2155537938,chandra,2022-06-06 19:04
203,3444862068,chandra,2022-03-28 15:23
204,3170525545,jala,2022-06-18 07:18
205,,chandra,2022-03-30 15:15
206,2370272899,jala,2022-06-29 15:29
207,,chandra,2022-03-31 03:23
208,3714659469,jala,2022-04-25 11:46
209,3164112567,surya,2022-04-29 20:41
210,HM45C2QADS,surya,2022-09-08 05:42
211,2362208339,jala,2022-08-23 22:47
212,HMMJM4M9RH,surya,2022-05-26 18:06
213,HMN3BP8MTZ,jala,2022-06-01 20:16
214,HMM9M9DT9K,surya,2022-08-04 02:11
215,HM4YB9BH5S,surya,2022-09-07 21:06
216,HMJSFDY3NT,surya,2022-07-17 23:30
217,3740817618,jala,2022-03-22 10:31
218,HMSFHJ3FTN,surya,2022-05-03 11:41
219,HMS8TAAHXB,chandra,2022-04-21 03:29
220,HMQ2WH559X,jala,2022-08-08 16:53
221,3198493081,jala,2022-05-20 07:36
222,HMBDRJT292,jala,2022-09-14 15:02
223,HM9XRSCFFR,surya,2022-06-13 14:55
224,3773228363,jala,2022-06-13 14:54
225,3267969393,jala,2022-06-13 17:55
226,HMD2HHBQ9J,jala,2022-09-16 03:55
227,HMQ3PESAHP,chandra,2022-08-14 13:14
228,3564509551,jala,2022-07-17 01:24
229,HMDTNA3WRP,chandra,2022-05-11 21:58
230,HMPFP9JJEJ,chandra,2022-07-26 07:25
231,3189293390,jala,2022-05-29 19:13
232,HMBXBE3W5E,surya,2022-08-25 23:50
233,324825283,chandra,2022-07-20 19:11
234,3647821724,chandra,2022-09-19 08:10
235,HM9JNJKHXK,surya,2022-05-03 11:21
236,3422662734,chandra,2022-07-19 23:22
237,HMKZKH5CWA,jala,2022-09-04 10:20
238,3409559584,jala,2022-08-29 23:42
239,HMEJSHNY3H,chandra,2022-08-07 22:04
240,HMP5YCHCBM,jala,2022-08-07 22:06
241,2705489343,chandra,2022-07-22 18:14
242,2626993227,jala,2022-05-28 10:06
243,HMDCM3RR9E,surya,2022-05-01 20:46
244,,jala,2022-05-11 22:55
245,HMH2NDNHNS,chandra,2022-07-01 12:23
246,HMC4DM4SR3,chandra,2022-07-20 04:36
247,2320568907,jala,2022-03-04 03:12
248,,jala,2022-05-31 23:22
249,HMJ24FPW9J,chandra,2022-07-21 14:52
250,3073345128,jala,2022-07-17 16:11
251,3357220314,jala,2022-06-01 13:20
252,3034629897,jala,2022-09-01 23:29
253,HMTQZMWAFA,jala,2022-05-12 14:48
254,2383773068,jala,2022-09-21 13:40
255,HMQCXY3F4T,chandra,2022-05-09 21:56
256,2895817830,jala,2022-08-24 21:49
257,328061479,jala,2022-08-18 21:13
258,2370763937,chandra,2022-09-03 06:34
259,3745766201,chandra,2022-09-24 17:56
260,,chandra,2022-05-20 14:16
261,3137987090,surya,2022-07-20 10:02
262,2896117850,jala,2022-06-04 12:02
263,3654788010,chandra,2022-07-28 23:10
264,HM9FM3EH8F,surya,2022-05-14 15:46
265,HMPFN2PJ2X,chandra,2022-05-20 20:49
266,HMATJ3X9YC,chandra,2022-10-12 05:54
267,3630453585,jala,2022-09-12 14:14
268,HMTR53R4DX,surya,2022-07-27 21:24
269,HM4A2TDT3Q,chandra,2022-09-07 20:20
270,HMDH3BEHYP,jala,2022-07-03 17:02
271,2941913895,jala,2022-06-13 17:52
272,2483960151,jala,2022-10-10 05:09
273,HMYBRRW3SX,chandra,2022-05-11 15:03
274,3419416635,jala,2022-05-24 16:26
275,,surya,2022-09-18 09:59
276,HM93ZAJK9F,jala,2022-10-15 07:29
277,HMQAR5KFSX,surya,2022-07-14 06:07
278,HMYZHEXYHT,chandra,2022-08-08 00:07
279,HMXT8NQHCC,surya,2022-08-13 12:18
280,3652483957,chandra,2022-06-04 19:59
281,HMKT8WXWQP,jala,2022-10-10 09:11
282,HMBF5RQBJ3,surya,2022-08-06 07:55
283,HMFBEND9AC,surya,2022-08-03 19:09
284,HMQHEYSJNW,jala,2022-09-18 10:17
285,HMXPJFREWW,jala,2022-06-05 13:16
286,3909502919,jala,2022-09-14 23:31
287,3432732177,jala,2022-08-19 12:10
288,HMTAXP9PT9,chandra,2022-10-22 05:57
289,HMXFD4Q3ZQ,chandra,2022-10-10 06:38
290,HMR95JTYQY,surya,2022-07-05 03:45
291,HM3KWDDTMK,chandra,2022-06-19 14:36
292,HMCYHCWQ3Q,jala,2022-10-16 12:52
293,3810093345,jala,2022-06-22 04:24
294,HMF3PJCZPC,surya,2022-08-12 14:12
295,2848768989,surya,2022-06-09 00:51
296,2614231916,surya,2022-06-09 01:04
297,2795271917,chandra,2022-05-26 13:26
298,HMH5M3D5HA,surya,2022-08-13 15:17
299,,surya,2022-10-10 09:52
300,3436100872,jala,2022-07-02 00:26
301,2734427406,surya,2022-07-15 14:17
302,HMBPBKWENB,surya,2022-10-30 15:02
303,3188736520,surya,2022-09-28 12:09
304,HM9CY3JKAQ,surya,2022-09-05 14:04
305,HMEWCKMPAR,jala,2022-09-22 21:22
306,HM3YTMKC35,surya,2022-09-15 15:16
307,HMCDEHDXDA,jala,2022-06-14 12:30
308,HMDJBCF2AJ,surya,2022-10-30 11:44
309,3772722139,surya,2022-10-24 17:10
310,HMCMP29CQY,surya,2022-06-16 23:32
311,HMEQDS8RXP,surya,2022-06-14 09:36
312,3886001799,jala,2022-07-09 09:30
313,,surya,2022-06-01 00:24
314,HMMYZFRKES,chandra,2022-06-23 10:02
315,,surya,2022-11-17 09:46
316,,jala,2022-11-18 05:31
317,HMKRNEM3WT,surya,2022-10-20 13:03
318,HMZJTPZAZE,jala,2022-10-20 11:40
319,2818256082,jala,2022-08-24 13:08
320,335112107,surya,2022-10-12 12:11
321,HMBYNWQ9QW,chandra,2022-10-30 06:52
322,HMMHDBMW2B,chandra,2022-07-14 05:54
323,HMMM32FZZP,chandra,2022-11-15 00:07
324,335287459,chandra,2022-10-13 14:10
325,820332801,surya,2022-11-16 16:55
326,HM8JMXYRDX,chandra,2022-09-02 15:33
327,HMSPYP8YX3,surya,2022-06-27 12:37
328,HM2YHCCERE,surya,2022-10-14 22:32
329,HMT32KNBNW,jala,2022-11-19 16:05
330,HMPAE8Q9E5,chandra,2022-11-15 09:34
331,3373483807,jala,2022-08-30 18:18
332,2342255420,chandra,2022-08-05 02:05
333,HMPP2H58JQ,surya,2022-05-15 19:43
334,HMFY33HYT3,chandra,2022-10-29 06:05
335,HMKZ3NEY24,jala,2022-11-15 09:35
336,HM43TJFA55,chandra,2022-07-29 08:00
337,3522906074,jala,2022-08-10 03:11
338,,jala,2022-11-27 03:13
339,,jala,2022-11-27 02:47
340,HMF8STETZQ,jala,2022-11-27 02:25
341,HMJCJZQD43,surya,2022-11-08 17:14
342,HMRKSM4FH5,chandra,2022-11-16 02:29
343,HMB4T8KBJF,surya,2022-11-16 23:34
344,2649675246,chandra,2022-10-17 09:25
345,,jala,2022-11-29 13:53
346,HM4XZKJZSF,surya,2022-10-05 20:56
347,,chandra,2022-11-29 10:25
348,,chandra,2022-11-27 12:35
349,3386703739,jala,2022-11-29 08:32
350,2392529072,chandra,2022-08-10 10:37
351,,jala,2022-08-01 15:21
352,2364249842,chandra,2022-07-31 13:56
353,HMCBKPAN3N,surya,2022-07-19 10:31
354,748663849,jala,2022-08-05 08:44
355,HMDBPSZBYN,surya,2022-07-12 18:32
356,HM9EJT8HDK,chandra,2022-09-18 18:09
357,HMAKH5NQME,jala,2022-12-09 08:41
358,2772373074,jala,2022-07-20 15:11
359,3633426848,jala,2022-10-20 05:55
360,832688389,chandra,2022-12-02 08:25
361,833219685,chandra,2022-12-02 19:07
362,HM2KBRJ5DA,chandra,2022-11-04 18:19
363,HM2Z3WYTR3,chandra,2022-07-26 04:49
364,3663819019,jala,2022-07-21 14:28
365,HMA8JKWEDY,surya,2022-12-06 01:41
366,3483430741,chandra,2022-09-25 17:26
367,HMPBSHQYPX,surya,2022-06-27 05:33
368,HM9SENE9YX,chandra,2022-09-17 18:18
369,HMYNJT4ZFH,surya,2022-11-03 16:29
370,HMN34HDTC9,surya,2022-10-17 13:07
371,HMH8KQNX48,surya,2022-10-06 08:30
372,2737431636,jala,2022-07-07 14:19
373,3415749091,surya,2022-12-15 03:18
374,HMPWMNWBTQ,chandra,2022-09-13 05:24
375,HMP98Q8MNM,surya,2022-09-12 23:56
376,2982473193,jala,2022-10-14 19:08
377,3591132106,surya,2022-11-13 10:13
378,HM2ZWTQHYA,surya,2022-12-20 06:50
379,818642281,surya,2022-11-14 13:58
380,848667953,jala,2022-12-20 14:49
381,3267970788,jala,2022-06-13 11:12
382,HMTWMP9M3Y,surya,2022-09-26 14:13
383,HMFN9WTYHD,chandra,2022-12-22 14:17
384,HMKK83P4FK,chandra,2022-09-12 04:30
385,,surya,2022-06-03 02:27
386,812533116,jala,2022-12-15 17:16
387,HMA8BMS38Q,chandra,2022-09-01 23:30
388,788851748,jala,2022-11-09 06:06
389,3968564541,jala,2022-10-08 14:03
390,849706089,jala,2022-12-21 16:34
391,HMJZNQKRT9,chandra,2022-11-11 15:33
392,,surya,2022-04-22 04:00
393,,surya,2022-04-22 04:02
394,HMMMKB4PCZ,surya,2022-12-25 00:02
395,3939667400,surya,2022-05-22 21:38
396,,surya,2022-04-22 04:13
397,,surya,2022-04-22 04:14
398,HMBJB9X4MW,chandra,2022-10-19 11:27
399,HMQNZNTA3E,jala,2022-08-09 14:44
400,HMBXC2P4A5,chandra,2023-01-01 07:42
401,HMR2ZT3KAP,surya,2022-06-26 14:28
402,852757585,surya,2022-12-25 06:36
403,3416325428,jala,2022-12-16 10:05
404,860250337,jala,2023-01-03 05:19
405,HM8MQPR55S,chandra,2022-08-16 06:12
406,854683045,surya,2022-12-27 12:31
407,HMW23A5Q4M,chandra,2022-08-16 05:55
408,HMYBTCDWES,surya,2022-12-28 20:45
409,2494666128,jala,2022-08-02 12:09
410,HMN8FHHASJ,chandra,2022-11-01 08:59
411,2958489208,surya,2022-08-14 10:16
412,HMB2FRRWR2,chandra,2022-11-05 21:34
413,863448841,jala,2023-01-07 06:04
414,808015132,surya,2022-12-08 15:04
415,HMETQZQHKJ,chandra,2022-10-13 15:06
416,3994942685,jala,2022-12-04 22:49
417,HMPHTKEXYJ,surya,2022-11-16 14:29
418,HMQ2S8E9NA,surya,2022-10-28 06:55
419,HMZZX2FWZ5,chandra,2023-01-08 05:09
420,2443589155,surya,2022-12-15 18:02
421,2689513803,surya,2022-12-14 10:16
422,2463240008,surya,2022-12-08 14:26
423,2906599361,chandra,2022-12-14 15:52
424,HMZDHNSWES,jala,2022-12-19 02:41
425,HM2BPJ3W4Z,chandra,2022-12-12 08:59
426,HMWJDA2JQ8,chandra,2022-12-09 13:57
427,2554539677,surya,2022-05-23 06:25
428,852712581,chandra,2022-12-25 05:36
429,HMKNSZQXC8,surya,2022-12-31 23:24
430,343621775,surya,2022-12-10 12:55
431,2622249175,surya,2022-12-04 20:40
432,3361208255,jala,2022-11-24 14:14
433,HME3XKNT5P,chandra,2023-01-17 16:29
434,3603074341,jala,2023-01-13 11:44
435,HME8DD92TR,chandra,2022-11-22 21:56
436,805545361,jala,2022-10-27 16:55
437,HMP44HQWAZ,surya,2022-12-29 16:34
438,,surya,2022-06-02 22:42
439,HMNQETCA3E,chandra,2022-12-21 03:19
440,HM9QBFQFPP,surya,2023-01-03 23:50
441,854549545,jala,2022-12-27 09:43
442,,surya,2023-01-03 16:09
443,HM5ETKX4H4,chandra,2022-12-21 19:32
444,830873273,surya,2022-11-30 08:58
445,HMTAAKE482,surya,2023-01-12 15:14
446,HMWSE29M29,chandra,2022-12-19 20:08
447,HMPB8T8PC5,jala,2023-01-28 03:51
448,HMTCQWYAYS,chandra,2023-01-29 02:49
449,,jala,2022-05-31 22:06
450,HMYRPKJDBM,surya,2023-01-27 21:30
451,,akasha,2023-02-02 22:28
452,HMTTYXZMWE,jala,2023-01-05 17:34
453,,chandra,2023-02-01 09:45
454,HMSZ5RCPFJ,chandra,2023-01-12 04:33
455,2191842881,surya,2023-01-05 06:35
456,,akasha,2023-02-04 07:45
457,HMKRXJJWNF,chandra,2022-12-15 18:59
458,HMMRSE32PK,akasha,2023-02-04 12:36
459,,akasha,2023-02-02 22:39
460,3361347794,jala,2023-01-04 09:05
461,563490002,jala,2023-01-02 02:36
462,562390462,jala,2022-12-29 15:10
463,HME5XRJHDQ,surya,2022-12-24 19:34
464,,surya,2023-02-09 04:12
465,2499226844,jala,2023-01-06 09:16
466,HMNRBNBZJJ,chandra,2022-12-17 19:27
467,2181381758,chandra,2022-10-19 13:58
468,3075653701,surya,2022-12-19 21:47
469,865347089,chandra,2023-01-09 19:40
470,842473201,chandra,2022-12-13 14:04
471,,akasha,2023-02-02 22:30
472,HMRB9C2WFM,chandra,2023-01-10 14:19
473,HMFPPTQ4WR,surya,2022-12-27 04:20
474,881105593,jala,2023-02-01 15:04
475,HMYY3CQ4WM,chandra,2023-01-27 03:40
476,3145461695,jala,2023-01-21 03:19
477,2540022184,jala,2023-01-21 02:50
478,2548490780,jala,2023-01-21 03:27
479,HMSMBQJ8W2,lakshmi,2023-02-19 05:00
480,,jala,2022-06-02 00:22
481,822017236,chandra,2022-12-31 15:51
482,822181564,jala,2023-01-01 04:57
483,2379002696,jala,2023-01-05 20:09
484,3240484636,chandra,2023-01-06 22:41
485,HMTZCA53CC,surya,2022-11-30 00:06
486,837849128,jala,2023-01-24 12:22
487,887042405,jala,2023-02-09 16:31
488,354781887,jala,2023-02-24 08:43
489,HMHY3YYTTF,surya,2023-01-20 13:04
490,,chandra,2023-02-28 07:39
491,HMFRYT43B3,chandra,2023-02-05 03:19
492,884630813,jala,2023-02-06 13:28
493,861664085,chandra,2023-01-04 19:55
494,HMES5AE3MW,surya,2022-12-29 14:10
495,2961731208,jala,2023-01-05 18:20
496,859880301,chandra,2023-01-02 14:01
497,,akasha,2023-03-03 06:45
498,,lakshmi,2023-03-03 06:45
499,,akasha,2023-02-11 00:17
500,HM5K33JQEE,surya,2022-12-31 10:33
501,HMS2CPX3CH,chandra,2023-02-13 16:13
502,HMETX5K8QS,surya,2023-01-08 10:42
503,3609290111,jala,2023-02-27 05:55
504,2294969472,chandra,2023-01-09 23:29
505,3257255967,jala,2023-02-07 04:43
506,3357832528,surya,2023-03-05 08:08
507,,lakshmi,2023-02-14 05:40
508,,akasha,2023-02-14 04:12
509,3740433874,jala,2023-01-30 21:38
510,HMHSNS493J,chandra,2023-01-29 13:09
511,HMFY4BWBB3,surya,2023-01-10 18:49
512,,lakshmi,2023-02-14 05:29
513,HMXKMNDP5P,akasha,2023-02-02 22:22
514,893789617,surya,2023-02-19 06:31
515,HMBAX5SMKD,chandra,2023-01-04 17:51
516,343790475,chandra,2022-12-11 20:04
517,HMQCPRWXR2,surya,2023-01-13 08:34
518,,surya,2023-03-08 04:07
519,352761679,jala,2023-02-10 22:01
520,905159249,chandra,2023-03-05 03:10
521,894344905,chandra,2023-02-20 03:16
522,2441535043,jala,2023-03-07 22:39
523,2164785818,jala,2022-12-11 20:59
524,3326360929,surya,2023-03-21 08:26
525,3464515540,chandra,2023-03-23 07:54
526,,lakshmi,2023-03-01 11:05
527,3919334580,surya,2023-03-23 07:01
528,HMSBTR8E53,akasha,2023-03-02 04:22
529,HM2SCSJQ5B,chandra,2023-02-10 12:17
530,2909416228,surya,2022-12-13 14:02
531,HM5NJ4PNYZ,chandra,2023-01-09 21:21
532,3703770138,chandra,2023-03-10 12:30
533,,chandra,2023-03-03 12:32
534,HMDY3FNWCB,chandra,2023-03-27 21:31
535,3580762994,surya,2022-12-20 23:28
536,HMWNDR44YP,chandra,2022-12-31 02:17
537,HMS4J4SEQW,jala,2023-02-26 22:20
538,HMBYHMFY5R,surya,2023-02-19 06:39
539,3642919682,surya,2023-01-30 12:40
540,3260060854,surya,2023-04-03 14:30
541,HM3KF2BQME,chandra,2023-04-02 02:46
542,HMBFZXJKF4,lakshmi,2023-03-31 13:53
543,,akasha,2023-03-31 13:53
544,927370349,chandra,2023-04-04 15:55
545,851062796,jala,2023-02-11 11:31
546,3482088619,surya,2022-05-20 11:02
547,HM533WP53D,chandra,2023-01-22 23:52
548,HMQHHEB39E,jala,2023-02-21 03:03
549,,lakshmi,2023-04-04 15:29
550,,akasha,2023-04-04 15:29
551,,lakshmi,2023-03-27 16:01
552,,akasha,2023-03-27 16:01
553,843249480,chandra,2023-02-01 08:22
554,,akasha,2023-03-18 14:55
555,HM9ANBQR9N,akasha,2023-04-01 05:40
556,,lakshmi,2023-04-01 05:40
557,,jala,2023-04-02 10:35
558,917932593,surya,2023-03-24 11:36
559,HMMCBRYD49,jala,2023-02-23 03:06
560,352598707,surya,2023-02-09 17:37
561,HMFHMRQPP4,chandra,2023-02-04 06:12
562,839264525,jala,2022-12-09 17:28
563,,lakshmi,2023-04-12 15:04
564,,akasha,2023-04-12 15:04
565,2941766033,surya,2023-01-22 15:02
566,HMBSTMJX2E,akasha,2023-04-05 20:48
567,,chandra,2023-04-10 11:06
568,,lakshmi,2023-04-05 20:48
569,HMS3SPYCHW,chandra,2023-02-09 11:08
570,2245820734,chandra,2022-12-27 17:43
571,HMCXR5MR2Z,surya,2023-01-28 06:14
572,3152159471,jala,2023-01-19 23:39
573,HMXKSCC599,surya,2023-01-07 11:16
574,3009839266,akasha,2023-04-04 19:29
575,,lakshmi,2023-04-04 19:29
576,352082391,chandra,2023-02-06 11:49
577,2715524171,jala,2023-04-17 14:09
578,3161251590,surya,2023-03-30 07:12
579,,jala,2023-02-18 09:34
580,,surya,2023-02-18 09:35
581,927430145,jala,2023-04-04 17:14
582,,akasha,2023-02-18 01:54
583,,lakshmi,2023-02-18 01:54
584,2555218418,jala,2023-04-02 07:14
585,HMM2BXCDYW,akasha,2023-04-25 05:59
586,,lakshmi,2023-04-25 05:59
587,HMSWDD4NEW,chandra,2023-01-07 17:44
588,,lakshmi,2023-03-01 11:06
589,HMD4YJSD25,surya,2023-01-23 23:26
590,3603363114,jala,2023-03-29 21:05
591,2814896502,jala,2023-01-01 12:50
592,936062569,surya,2023-04-16 20:51
593,946430033,jala,2023-04-29 12:25
594,HMJQ3YJSMK,surya,2022-12-19 08:01
595,HM9DJ8MRAP,chandra,2022-12-20 19:07
596,HMHYNMRS5Z,jala,2023-04-05 18:56
597,HMY5JS3E38,chandra,2023-04-27 17:14
598,HMF8JTMSA4,chandra,2023-01-18 23:31
599,3113311771,surya,2022-07-10 23:02
600,3113311771,jala,2022-07-10 23:02
601,HMX2CKTDPQ,lakshmi,2023-04-02 15:33
602,,akasha,2023-04-02 15:33
603,845374085,chandra,2022-12-16 16:55
604,HMSD39HX9Q,chandra,2023-02-22 22:40
605,2541802038,jala,2023-02-05 22:16
606,HMHH2TE9ET,akasha,2023-04-28 16:28
607,,lakshmi,2023-04-28 16:28
608,HMQH8DADYS,surya,2023-01-22 10:13
609,HMZQF9JX4A,lakshmi,2023-02-26 10:38
610,3049695085,chandra,2022-12-22 02:28
611,359169431,chandra,2023-03-23 14:40
612,3449493054,surya,2022-12-23 13:46
613,HMNRZBJYAA,surya,2023-02-10 02:39
614,3638867772,chandra,2023-02-14 11:17
615,,akasha,2023-02-02 22:35
616,3080149290,chandra,2022-12-22 10:50
617,357644171,jala,2023-03-14 10:01
618,3117109167,surya,2022-12-22 10:39
619,HMSZR5EWDT,lakshmi,2023-05-05 17:50
620,,akasha,2023-05-05 17:50
621,HMKZCA54CF,chandra,2023-02-02 06:40
622,836746953,jala,2022-12-07 04:13
623,HMZYMAYF2J,surya,2023-02-11 14:14
624,HMXKHXFKEP,surya,2023-03-26 03:43
625,3168038825,chandra,2023-05-13 23:15
626,2112278970,jala,2023-02-12 18:20
627,2359920495,chandra,2023-01-13 18:52
628,3001503441,surya,2023-05-21 11:37
629,,akasha,2023-04-20 16:27
630,HMK5DTPCER,lakshmi,2023-03-11 13:26
631,HMKARSQSEP,surya,2023-01-15 15:35
632,HMJ2SZDHZ4,chandra,2023-01-22 18:30
633,3322166774,surya,2023-04-28 12:27
634,HMPJREXNQJ,surya,2023-04-28 11:49
635,2430499326,surya,2023-04-15 08:30
636,358768975,jala,2023-03-21 16:10
637,965447957,chandra,2023-05-23 18:37
638,3548627543,surya,2022-11-09 14:43
639,HMSPAEDSCJ,chandra,2023-03-23 14:25
640,HMJQFY9RKN,chandra,2023-05-28 16:35
641,2762696670,jala,2023-04-20 12:49
642,HM88FYFSPS,chandra,2023-05-08 01:46
643,HMXMCTQE4R,surya,2023-03-29 04:34
644,HM92EXDR2Y,chandra,2023-01-21 17:40
645,2430224663,surya,2023-03-25 04:55
646,974938953,surya,2023-06-03 16:58
647,3561721276,jala,2023-05-07 22:21
648,,akasha,2023-02-02 22:30
649,HMTEWN8DPP,lakshmi,2023-06-04 10:03
650,HMMCTABQ2J,chandra,2023-04-01 21:54
651,HM42ZRCBEB,surya,2023-04-01 14:40
652,HMK48SPQYZ,chandra,2023-04-28 20:08
653,,surya,2022-04-22 03:12
654,,surya,2022-11-30 18:04
655,,surya,2022-04-07 19:42
656,,surya,2022-12-06 23:45
657,,surya,2022-12-06 23:58
658,910910045,jala,2023-03-12 04:25
659,,surya,2022-04-22 02:56
660,365831259,surya,2023-05-05 08:32
661,,surya,2022-04-07 19:53
662,HM3QYDP3J9,lakshmi,2023-06-03 16:39
663,363265927,chandra,2023-04-19 22:20
664,,chandra,2022-11-07 19:04
665,3083963028,surya,2022-11-14 16:06
666,HMS4D54FAH,jala,2023-01-02 07:18
667,HMM82FZHPQ,lakshmi,2023-06-16 11:09
668,3125669291,jala,2023-05-22 19:12
669,940858329,surya,2023-04-23 02:44
670,602401122,jala,2023-05-02 12:37
671,HMKMFKYXAD,chandra,2023-03-08 23:00
672,949587413,jala,2023-05-03 10:58
673,HMFSQ2KKTK,lakshmi,2023-06-03 17:27
674,,chandra,2023-04-10 09:00
675,2460622348,jala,2023-04-23 13:58
676,2399880673,surya,2023-06-18 14:49
677,HMR2ZJQ8FK,lakshmi,2023-05-31 15:22
678,HMPTABFX5T,surya,2022-08-25 05:23
679,2546203543,chandra,2023-06-18 14:53
680,923352540,jala,2023-05-19 15:46
681,890448544,jala,2023-04-07 02:35
682,923204820,jala,2023-05-19 12:13
683,3944361845,chandra,2023-04-19 01:04
684,367719799,jala,2023-05-16 18:08
685,HM8R2TDPAB,lakshmi,2023-06-24 16:25
686,HMSA8BNXB4,chandra,2023-04-09 21:01
687,951523421,jala,2023-05-05 18:35
688,2206829219,surya,2023-04-01 20:33
689,HM5ABEHZSE,jala,2023-06-30 17:45
690,3427655490,chandra,2023-06-20 20:20
691,359466819,jala,2023-03-25 18:25
692,HM29BEDYCM,lakshmi,2023-06-13 14:46
693,3326942149,chandra,2023-05-01 12:36
694,HMZSCAJABS,surya,2023-03-18 23:27
695,HMYFDY5FJW,surya,2023-07-01 14:47
696,997322585,jala,2023-07-02 07:49
697,3100006969,jala,2023-05-30 21:16
698,3023958351,chandra,2023-06-26 11:35
699,3023958351,jala,2023-06-26 11:35
700,HMFAMA3RT9,surya,2023-01-31 20:10
701,895749876,chandra,2023-04-13 19:38
702,363263747,jala,2023-04-19 22:08
703,,jala,2023-03-15 22:34
704,HMKQHQK4KT,lakshmi,2023-07-11 13:23
705,3169187731,chandra,2023-04-02 22:12
706,HMSCJMQDMP,lakshmi,2023-05-18 16:30
707,3925939508,jala,2023-07-06 11:51
708,2168247831,jala,2023-07-06 14:42
709,HMKBB2S5MF,jala,2023-06-09 06:07
710,882099780,jala,2023-03-26 21:55
711,883945644,surya,2023-03-29 08:57
712,1000859345,chandra,2023-07-06 14:46
713,,chandra,2023-03-29 09:06
714,,akasha,2023-07-09 03:40
715,3562026326,jala,2023-04-07 13:55
716,HM2TMDP88E,surya,2023-03-01 09:10
717,957583440,jala,2023-07-02 00:04
718,896520788,chandra,2023-04-14 23:15
719,2876365008,akasha,2023-07-12 09:05
720,,lakshmi,2023-07-12 09:05
721,2486656762,surya,2023-06-06 18:37
722,,surya,2023-07-23 10:13
723,2785397836,surya,2023-07-24 03:23
724,,akasha,2023-02-02 22:30
725,993045085,jala,2023-06-27 04:52
726,,akasha,2023-07-09 03:42
727,2231933780,surya,2023-04-07 17:19
728,HMF5J8HAWZ,lakshmi,2023-06-15 09:12
729,HMHBKE8C29,jala,2023-05-30 10:39
730,3686934812,chandra,2023-03-28 20:33
731,994603973,surya,2023-06-28 21:13
732,3176189412,surya,2023-06-02 22:32
733,HM2YFEH9FN,lakshmi,2023-07-26 04:08
734,,akasha,2023-07-26 04:08
735,,chandra,2023-05-06 03:16
736,2279886617,akasha,2023-07-11 19:19
737,HMXSW5QB3Y,surya,2023-06-14 09:20
738,,akasha,2023-07-09 03:51
739,3462885286,akasha,2023-07-08 08:47
740,HM25J9EYYC,lakshmi,2023-06-29 07:04
741,2312588114,jala,2023-05-15 14:49
742,946317948,chandra,2023-06-18 08:15
743,2782786658,chandra,2023-04-27 20:26
744,3357813893,surya,2023-03-05 14:52
745,3049249820,chandra,2023-06-18 10:38
746,3554388565,jala,2023-04-27 08:08
747,985034344,jala,2023-08-02 11:58
748,3442382997,jala,2023-04-28 19:06
749,HMMKMSJY3Q,chandra,2023-01-16 23:36
750,3149563773,jala,2023-07-21 10:12
751,HMQYXCJFE3,lakshmi,2023-08-03 13:45
752,,akasha,2023-08-03 13:45
753,2531418337,jala,2023-07-26 14:21
754,HMXPENNWBZ,surya,2023-05-10 03:54
755,HMB2FWFN9M,lakshmi,2023-05-09 23:09
756,HMFCCC994S,surya,2023-08-07 13:59
757,3435477435,chandra,2023-06-12 15:05
758,3295994586,jala,2023-03-26 19:03
759,,akasha,2023-07-09 03:55
760,,jala,2023-07-23 21:12
761,HMZMBH333Q,surya,2023-03-25 14:46
762,HM9XTRSEXP,surya,2023-03-29 11:24
763,HMDR4Y22A5,chandra,2023-03-01 22:51
764,HMEF3JBPRW,surya,2023-07-04 05:54
765,,surya,2023-02-23 21:55
766,375838467,akasha,2023-07-08 14:19
767,964451629,jala,2023-05-22 14:23
768,,akasha,2023-08-12 11:41
769,,lakshmi,2023-08-12 11:41
770,HMHA5JCWB4,chandra,2023-08-08 08:23
771,3490841136,jala,2023-06-15 06:13
772,3602230226,jala,2023-05-04 09:47
773,3016488112,chandra,2023-04-02 11:20
774,3218413336,surya,2023-07-17 22:37
775,2834710068,akasha,2023-07-11 19:52
776,,lakshmi,2023-07-11 19:52
777,HMBAZQJBQR,surya,2023-03-04 15:13
778,967865688,akasha,2023-07-13 13:22
779,,lakshmi,2023-07-13 13:22
780,,jala,2023-04-02 23:16
781,,chandra,2023-04-02 23:15
782,3746954215,jala,2023-06-26 20:01
783,,jala,2023-08-15 17:34
784,3508172440,surya,2023-03-27 21:09
785,HMZRYAYPTK,lakshmi,2023-08-14 08:47
786,,akasha,2023-08-14 08:47
787,HMK3QWZHYZ,chandra,2023-08-04 08:31
788,HM5AJHBM84,chandra,2023-02-27 22:18
789,HMWJACJZHQ,lakshmi,2023-05-31 14:02
790,2479279686,jala,2023-04-08 06:38
791,,akasha,2023-07-09 03:56
792,HM228Y4TDX,surya,2023-08-05 23:06
793,790183477,surya,2022-10-07 09:52
794,367603635,chandra,2023-05-15 23:37
795,HMM3PYB8PS,chandra,2023-08-21 08:00
796,3176169596,chandra,2023-06-02 01:17
797,3629555753,surya,2023-05-01 23:50
798,2470716867,chandra,2023-06-23 07:38
799,1035219393,chandra,2023-08-17 21:16
800,3838471338,jala,2023-07-23 15:47
801,2821736847,chandra,2023-07-28 15:39
802,2639032767,surya,2023-07-28 15:48
803,3258791703,surya,2023-05-29 18:17
804,367607079,chandra,2023-05-16 00:10
805,,lakshmi,2023-08-18 17:41
806,,akasha,2023-08-18 17:41
807,2159203951,jala,2023-04-02 22:14
808,2482209191,akasha,2023-07-22 23:01
809,,lakshmi,2023-07-22 23:01
810,1030388493,surya,2023-08-11 10:43
811,2609220639,akasha,2023-08-11 22:12
812,915660841,surya,2023-03-18 10:31
813,2481375057,surya,2023-07-27 14:17
814,2192425768,chandra,2023-04-16 23:01
815,3641857361,chandra,2023-06-28 11:01
816,2659497486,surya,2023-04-07 18:08
817,3219434107,chandra,2023-03-31 03:07
818,2998986483,jala,2023-08-17 13:02
819,3064498358,jala,2023-07-16 14:50
820,2245084041,jala,2023-04-08 05:59
821,2360926179,akasha,2023-06-10 18:59
822,,lakshmi,2023-06-10 18:59
823,1046481525,jala,2023-08-31 21:43
824,HM8XQSXDZX,chandra,2023-07-14 03:53
825,3999229561,surya,2023-06-12 08:12
826,2445664922,jala,2023-04-09 17:12
827,HM4RRAB4PR,surya,2023-06-15 23:45
828,368486447,chandra,2023-05-21 17:35
829,3143845846,chandra,2023-08-07 22:07
830,368491347,chandra,2023-05-21 18:14
831,4277532580,surya,2023-09-06 17:56
832,HMDXDTQP29,chandra,2023-03-21 18:37
833,3227600093,surya,2023-07-31 05:25
834,,akasha,2023-08-14 06:55
835,,lakshmi,2023-08-14 06:55
836,3067851789,surya,2023-02-28 06:26
837,371522715,akasha,2023-06-11 02:49
838,,lakshmi,2023-06-11 02:49
839,,jala,2023-09-06 15:17
840,2786526831,chandra,2023-04-02 23:36
841,344092159,jala,2022-12-13 22:49
842,2001593076,akasha,2023-08-29 16:25
843,1034441581,akasha,2023-08-16 21:28
844,,lakshmi,2023-08-16 21:28
845,HMBNM2EYNF,chandra,2023-09-06 16:17
846,2401234832,surya,2023-07-10 20:43
847,1011608972,chandra,2023-09-01 17:01
848,976341756,chandra,2023-07-23 12:25
849,1055890401,chandra,2023-09-12 12:43
850,HMNX9EMC3A,jala,2023-09-05 14:52
851,354218059,chandra,2023-02-20 18:49
852,3541641864,akasha,2023-08-05 08:19
853,HMMMNYPNFZ,surya,2023-06-11 22:04
854,,lakshmi,2023-08-05 08:19
855,,jala,2023-08-15 04:38
856,2658115506,jala,2023-06-12 22:19
857,987041305,chandra,2023-06-19 14:46
858,3078493297,jala,2023-08-06 13:42
859,3454254595,jala,2023-09-03 20:45
860,370403723,surya,2023-06-03 13:55
861,3855815433,jala,2023-06-05 21:25
862,HMC93X39XE,chandra,2023-09-21 07:57
863,,surya,2023-02-27 18:43
864,2746559613,chandra,2023-08-23 15:57
865,1064699097,chandra,2023-09-23 13:58
866,4234415046,lakshmi,2023-09-07 03:52
867,,akasha,2023-09-07 03:52
868,3927231138,chandra,2023-06-30 07:31
869,375111903,jala,2023-07-04 06:49
870,1041731813,akasha,2023-08-26 10:34
871,1003167269,jala,2023-07-09 09:40
872,,lakshmi,2023-08-26 10:34
873,1041772173,akasha,2023-08-26 11:21
874,3567913109,surya,2023-06-22 22:09
875,,jala,2023-03-15 21:18
876,987141537,jala,2023-06-19 16:52
877,634367722,jala,2023-07-30 07:19
878,4254115266,akasha,2023-09-16 06:28
879,,lakshmi,2023-09-16 06:28
880,3709562133,jala,2023-08-24 03:27
881,2693970114,akasha,2023-08-25 09:34
882,,lakshmi,2023-08-25 09:34
883,,chandra,2023-08-17 03:08
884,381221699,surya,2023-08-08 10:46
885,HMHRKXT8C3,chandra,2023-07-30 00:42
886,987935577,surya,2023-06-20 18:19
887,HMN8Z2E2YK,lakshmi,2023-10-02 18:13
888,,akasha,2023-10-02 18:13
889,1072406897,jala,2023-10-03 08:31
890,HM3QR4C9PJ,chandra,2023-07-27 04:24
891,2875840321,jala,2023-07-31 14:50
892,1053072005,surya,2023-09-09 06:49
893,,akasha,2023-05-28 01:58
894,,lakshmi,2023-05-28 01:58
895,HMNDS4CEAA,surya,2023-06-26 07:20
896,2912555083,akasha,2023-08-11 07:31
897,,lakshmi,2023-08-11 07:31
898,HMBRCC5ZKB,chandra,2023-10-04 15:14
899,HMYYCZJW28,chandra,2023-09-04 12:34
900,HMJSB2ABXY,chandra,2023-09-05 21:23
901,,lakshmi,2023-09-25 21:26
902,,akasha,2023-09-25 21:26
903,4125248868,jala,2023-10-04 19:17
904,HMJXX8N2WH,chandra,2023-07-28 20:58
905,4033067567,lakshmi,2023-09-10 22:10
906,,akasha,2023-09-10 22:10
907,991576256,jala,2023-08-09 16:22
908,1008512128,surya,2023-08-29 01:19
909,3386669074,surya,2023-07-16 18:14
910,HMJ8XZMHP5,chandra,2023-08-24 00:03
911,3763530278,jala,2023-06-23 15:51
912,4214463109,jala,2023-10-10 05:19
913,HM9REWQCZF,lakshmi,2023-10-13 16:24
914,,akasha,2023-10-13 16:24
915,3101539725,lakshmi,2023-07-17 17:40
916,4226235279,chandra,2023-10-15 10:18
917,4098742948,jala,2023-09-14 17:10
918,,akasha,2023-05-28 02:46
919,2453093848,surya,2023-07-17 13:45
920,4188437711,jala,2023-09-28 23:12
921,HMCFXFKMRM,surya,2023-08-08 04:23
922,HMT8XMTQ99,chandra,2023-09-08 10:45
923,348940227,chandra,2023-01-16 22:37
924,4275869244,jala,2023-10-21 13:01
925,,surya,2023-08-03 09:02
926,,surya,2023-08-02 15:10
927,,jala,2023-08-17 22:28
928,930569165,jala,2023-04-09 02:26
929,HMY8XWFYAT,chandra,2023-07-21 04:40
930,HM2FSE9PR5,jala,2023-10-09 13:41
931,387429555,lakshmi,2023-09-11 17:37
932,HMAHFD98MJ,surya,2023-10-17 13:15
933,,akasha,2023-02-02 22:31
934,4012388655,surya,2023-10-19 11:47
935,HMBW3B2APN,chandra,2023-10-23 20:15
936,,chandra,2022-05-31 23:24
937,1031807280,surya,2023-09-26 15:34
938,668639634,lakshmi,2023-11-04 11:01
939,HMEXWK2HEF,chandra,2023-10-03 18:55
940,HMYXRAXXDH,chandra,2023-03-09 21:27
941,1027129348,lakshmi,2023-09-20 15:58
942,4074181250,jala,2023-10-08 21:57
943,363727751,chandra,2023-04-23 00:04
944,,chandra,2023-10-21 12:41
945,4140932739,jala,2023-10-09 01:46
946,HMDN4BZZF3,jala,2023-11-03 05:22
947,371180463,chandra,2023-06-08 16:11
948,,surya,2023-02-08 17:05
949,4025039548,jala,2023-10-20 14:22
950,HMYC55BZZA,lakshmi,2023-08-04 09:45
951,,jala,2023-11-04 13:54
952,1073767761,chandra,2023-10-04 20:22
953,1073766733,surya,2023-10-04 20:19
954,HM4TFEQXMY,chandra,2023-10-12 18:21
955,4035003644,lakshmi,2023-11-17 10:18
956,,akasha,2023-11-17 10:18
957,,surya,2023-11-19 07:49
958,,akasha,2023-11-13 03:27
959,,jala,2023-11-04 22:12
960,888217076,surya,2023-04-04 08:04
961,4197009760,chandra,2023-11-06 20:17
962,2549473380,jala,2023-07-21 16:24
963,4267405963,surya,2023-11-16 08:21
964,,lakshmi,2023-11-21 04:31
965,4274064170,chandra,2023-09-07 07:27
966,379944111,jala,2023-08-01 08:01
967,654222550,surya,2023-09-23 14:55
968,,lakshmi,2023-11-24 01:29
969,,lakshmi,2023-11-20 09:28
970,991311952,lakshmi,2023-08-09 11:40
971,HM295ZBZ93,surya,2023-11-25 16:57
972,990839036,lakshmi,2023-08-09 00:43
973,HMXZERCB95,chandra,2023-11-18 06:11
974,,chandra,2023-03-27 21:40
975,1113595257,chandra,2023-11-17 19:15
976,4216387871,surya,2023-11-15 18:17
977,1115824241,akasha,2023-11-21 01:19
978,,lakshmi,2023-11-21 01:19
979,,akasha,2023-11-13 03:29
980,4080144939,jala,2023-11-23 13:44
981,HMNABKWC3J,chandra,2023-12-03 14:32
982,1121354881,surya,2023-11-27 16:16
983,1121858089,surya,2023-11-28 10:55
984,HM3HSSWMF8,chandra,2023-11-28 06:21
985,1039149501,lakshmi,2023-08-23 00:43
986,,chandra,2023-11-06 11:53
987,,jala,2023-11-06 11:55
988,,surya,2023-11-06 11:55
989,,lakshmi,2023-10-31 22:43
990,4136841796,surya,2023-11-19 14:22
991,4023865558,chandra,2023-12-09 18:24
992,4033579311,jala,2023-12-03 13:46
993,358295851,jala,2023-03-18 08:25
994,HMCRXJBMJK,chandra,2023-12-03 19:33
995,1074027881,jala,2023-10-05 07:49
996,,chandra,2023-12-15 02:11
997,1111202393,surya,2023-11-14 16:46
998,4154060379,jala,2023-12-15 04:07
999,1010838221,jala,2023-07-18 13:19
1000,1136185877,lakshmi,2023-12-14 01:01
1001,,akasha,2023-12-14 01:01
1002,1127674641,chandra,2023-12-04 14:43
1003,2415918634,akasha,2023-07-30 17:49
1004,,lakshmi,2023-07-30 17:49
1005,1090892352,jala,2023-12-10 15:37
1006,1106094857,lakshmi,2023-11-09 03:07
1007,,akasha,2023-11-23 02:58
1008,1105259909,surya,2023-11-08 05:25
1009,4109354109,jala,2023-12-01 03:09
1010,HMWAB48HT5,chandra,2023-10-09 19:51
1011,4274526796,lakshmi,2023-12-09 17:29
1012,,akasha,2023-12-09 17:29
1013,4203988780,lakshmi,2023-11-25 18:56
1014,,akasha,2023-11-25 18:56
1015,4073962897,jala,2023-11-12 22:01
1016,1053637864,akasha,2023-10-28 18:25
1017,,lakshmi,2023-10-28 18:25
1018,4059314476,jala,2023-09-29 11:40
1019,HMA8SFKDY9,chandra,2023-11-16 17:22
1020,4003322979,surya,2023-11-30 22:07
1021,4042994118,surya,2023-10-12 12:34
1022,1133705097,jala,2023-12-11 09:01
1023,4237243858,jala,2023-12-01 23:53
1024,4099685427,jala,2023-11-28 06:49
1025,388562995,lakshmi,2023-09-17 22:34
1026,,akasha,2023-09-17 22:34
1027,1127368509,jala,2023-12-04 08:55
1028,1127219513,surya,2023-12-04 06:01
1029,,akasha,2023-11-28 23:06
1030,1090113892,surya,2023-12-09 17:23
1031,1091455385,jala,2023-10-22 08:43
1032,995662120,akasha,2023-08-14 09:22
1033,,lakshmi,2023-08-14 09:22
1034,1091461201,chandra,2023-10-22 08:52
1035,1091429897,akasha,2023-10-22 08:10
1036,,lakshmi,2023-10-22 08:10
1037,4058251704,surya,2023-11-30 15:35
1038,1151347049,surya,2023-12-30 09:28
1039,1094504724,jala,2023-12-14 13:22
1040,60c41a51-faf8-4900-9b05-36a0e6299c6a,lakshmi,2023-10-04 22:32
1041,,akasha,2023-10-04 22:32
1042,933989068,lakshmi,2023-06-02 16:34
1043,,akasha,2023-07-12 04:43
1044,1153610265,jala,2024-01-02 04:43
1045,1153613081,surya,2024-01-02 04:46
1046,HMBWX4A5DB,chandra,2023-12-05 03:26
1047,,surya,2023-11-30 20:04
1048,1040048184,akasha,2023-10-07 02:19
1049,,lakshmi,2023-10-07 02:19
1050,HMX245PHTD,chandra,2023-12-07 21:53
1051,1070611832,akasha,2023-11-17 23:52
1052,,lakshmi,2023-11-17 23:52
1053,1050427620,lakshmi,2023-10-24 16:37
1054,,akasha,2023-10-24 16:37
1055,681294978,jala,2023-12-12 13:19
1056,4098823440,akasha,2024-01-06 04:56
1057,,lakshmi,2024-01-06 04:56
1058,683545178,surya,2023-12-19 10:25
1059,4008955972,akasha,2023-12-22 02:54
1060,,lakshmi,2023-12-22 02:54
1061,,akasha,2023-11-20 09:34
1062,,lakshmi,2023-11-20 09:35
1063,1080884476,jala,2023-11-29 13:58
1064,1046334125,akasha,2023-08-31 17:07
1065,,lakshmi,2023-08-31 17:07
1066,HMX9882PPB,akasha,2024-01-11 14:51
1067,,lakshmi,2024-01-11 14:51
1068,4215283457,surya,2024-01-13 14:29
1069,1164548993,chandra,2024-01-15 02:52
1070,1013979344,akasha,2023-09-04 13:25
1071,,lakshmi,2023-09-04 13:25
1072,4132288622,chandra,2024-01-16 04:35
1073,,akasha,2023-11-20 09:36
1074,,lakshmi,2023-11-20 09:36
1075,1113835012,jala,2024-01-07 14:46
1076,1114563397,akasha,2023-11-19 04:19
1077,,lakshmi,2023-11-19 04:19
1078,HME3AM3RDQ,surya,2024-01-20 12:46
1079,HMJ3NJWAFY,chandra,2024-01-18 22:06
1080,,lakshmi,2023-11-20 09:37
1081,HMD8TFP44H,chandra,2024-01-14 20:50
1082,1145725553,jala,2023-12-24 12:55
1083,875433420,surya,2023-03-18 05:40
1084,,akasha,2023-11-20 09:37
1085,4028977422,surya,2024-01-14 15:10
1086,4075876887,chandra,2024-01-19 04:56
1087,1121486277,jala,2023-11-27 20:46
1088,4114610136,jala,2024-01-29 05:10
1089,1015791768,jala,2023-09-06 16:19
1090,4094583839,jala,2024-01-14 14:28
1091,694663454,surya,2024-01-20 10:16
1092,4273667364,chandra,2024-01-27 03:45
1093,4204920950,jala,2024-01-30 07:35
1094,4023366918,surya,2024-01-10 21:07
1095,HM252CYQ5P,chandra,2024-02-04 06:47
1096,4028162511,jala,2024-01-20 07:59
1097,1181139617,chandra,2024-02-04 06:22
1098,4278316026,lakshmi,2024-02-04 19:55
1099,4266281299,chandra,2024-01-19 11:41
1100,4140550810,surya,2024-01-18 12:41
1101,1120323512,jala,2024-01-14 10:31
1102,1050551468,chandra,2023-10-24 20:01
1103,4145740894,chandra,2024-01-12 09:55
1104,985015517,akasha,2023-06-16 19:37
1105,HMNHDWNFB8,lakshmi,2024-01-14 15:05
1106,,lakshmi,2023-06-16 19:38
1107,,akasha,2024-01-14 15:05
1108,,surya,2024-01-14 18:11
1109,4195388483,jala,2024-01-19 15:26
1110,,akasha,2023-11-20 09:38
1111,,lakshmi,2023-11-20 09:38
1112,4245929303,jala,2024-01-16 12:47
1113,1046250585,chandra,2023-08-31 15:25
1114,4247696364,surya,2024-01-13 09:30
1115,1169961137,jala,2024-01-22 06:07
1116,4073173074,chandra,2024-01-19 20:09
1117,4110991753,lakshmi,2024-01-25 20:21
1118,4024143762,jala,2024-01-17 10:11
1119,4281151266,lakshmi,2024-01-25 23:57
1120,4042308783,jala,2024-02-06 11:58
1121,HM2MYBQNTZ,chandra,2024-01-24 05:11
1122,1184697113,chandra,2024-02-08 09:07
1123,4162363899,jala,2023-12-26 13:17
1124,958192792,akasha,2023-07-02 14:55
1125,,lakshmi,2023-07-02 14:55
1126,4138617406,surya,2024-01-11 01:34
1127,,chandra,2024-01-15 01:41
1128,,jala,2024-01-15 01:43
1129,,lakshmi,2024-01-15 01:45
1130,,surya,2024-01-15 01:46
1131,,chandra,2023-12-24 01:34
1132,,jala,2023-12-24 01:35
1133,,lakshmi,2023-12-24 01:37
1134,,surya,2023-12-24 01:39
1135,,akasha,2024-01-15 16:00
1136,,akasha,2024-01-15 16:01
1137,,lakshmi,2024-01-15 16:01
1138,HMM8FXNMQ9,surya,2024-01-22 22:10
1139,HMTZR4AFZT,jala,2024-01-31 22:13
1140,4199811538,jala,2024-01-30 11:40
1141,653604554,surya,2023-09-21 20:16
1142,1008805192,akasha,2023-08-29 07:37
1143,,lakshmi,2023-08-29 07:37
1144,1010394260,akasha,2023-08-31 08:37
1145,4257195469,jala,2024-01-30 09:44
1146,1015412165,akasha,2023-07-24 19:07
1147,,lakshmi,2023-07-24 19:07
1148,4025242807,surya,2024-01-23 09:47
1149,372647435,chandra,2023-06-18 10:02
1150,367297875,surya,2023-05-13 23:49
1151,373443439,jala,2023-06-23 12:37
1152,366949535,surya,2023-05-11 18:08
1153,366949787,jala,2023-05-11 18:08
1154,367914047,chandra,2023-05-17 23:34
1155,4264984584,akasha,2024-01-26 16:24
1156,,lakshmi,2024-01-26 16:24
1157,1044072025,surya,2023-08-29 09:04
1158,1066249896,akasha,2023-11-12 17:52
1159,,lakshmi,2023-11-12 17:52
1160,4267707097,jala,2023-10-29 14:15
1161,4138672306,akasha,2024-01-11 15:13
1162,,lakshmi,2024-01-11 15:13
1163,1095945733,surya,2023-10-27 18:46
1164,4133167262,lakshmi,2024-01-27 22:06
1165,,akasha,2024-01-27 22:06
1166,1003340352,chandra,2023-08-22 20:07
1167,1003329740,chandra,2023-08-22 19:31
1168,4002277564,surya,2023-10-29 22:15
1169,664746722,jala,2023-10-23 20:04
1170,617577466,akasha,2023-06-15 07:52
1171,,lakshmi,2023-06-15 07:52
1172,4294349805,chandra,2024-01-25 14:37
1173,4274333401,jala,2024-01-17 10:01
1174,4293008706,chandra,2024-01-23 18:05
1175,4293008706,surya,2024-01-23 18:05
1176,1534201386,akasha,2023-08-20 09:09
1177,,lakshmi,2023-08-20 09:09
1178,4244092229,akasha,2024-01-13 20:54
1179,,lakshmi,2024-01-13 20:54
1180,4039798158,jala,2023-09-29 11:10
1181,4039798158,chandra,2023-09-29 11:10
1182,4039798158,surya,2023-09-29 11:10
1183,4039798158,akasha,2023-09-29 11:11
1184,,lakshmi,2023-09-29 11:11
1185,4088743561,jala,2024-01-17 08:35
1186,4264860827,surya,2024-01-07 23:56
1187,,akasha,2024-01-23 10:31
1188,,lakshmi,2024-01-23 10:31
1189,4289070466,chandra,2024-01-06 01:01
1190,4069097339,surya,2023-11-11 15:46
1191,4118334056,jala,2024-01-25 03:23
1192,4206475766,jala,2024-01-30 18:35
1193,4018863683,akasha,2023-10-08 15:27
1194,,lakshmi,2023-10-08 15:27
1195,4289293945,akasha,2023-12-21 07:01
1196,,lakshmi,2023-12-21 07:01
1197,,akasha,2024-01-23 10:32
1198,,lakshmi,2024-01-23 10:32
1199,4073280516,jala,2023-12-05 04:44
